,,,LAMP Primers,,,,,
4,ID:10,,dimer(minimum)dG=-1.82,,,,,
label,5'pos,3'pos,len,Tm,5'dG,3'dG,GCrate,Sequence
F3,272,291,20,59.32,-6.18,-5.18,0.5,ACGTCCAGAACAAGAACTCG
B3,461,480,20,59.49,-5.35,-4.96,0.5,CTCACCAGTGTACCAATGCA
FIP,,,38,,,,,GACGACATCTTGAGGCCGCG-CCCCAACAACGTCCAGAC
BIP,,,40,,,,,ACTCGACTGCTATCCAGGAGCT-CCTTGCGACGGAACATGG
F2,312,329,18,59.47,-5.96,-5.35,0.61,CCCCAACAACGTCCAGAC
F1c,352,371,20,65.16,-5.69,-8.7,0.65,GACGACATCTTGAGGCCGCG
B2,437,454,18,60.2,-5.85,-5.05,0.61,CCTTGCGACGGAACATGG
B1c,386,407,22,64.61,-5.43,-5.93,0.55,ACTCGACTGCTATCCAGGAGCT
,,,,,,,,
5,ID:12,,dimer(minimum)dG=-1.82,,,,,
label,5'pos,3'pos,len,Tm,5'dG,3'dG,GCrate,Sequence
F3,305,323,19,60.77,-5.25,-5.49,0.53,AGTGGATCCCCAACAACGT
B3,481,499,19,60.91,-5.25,-5.9,0.58,ACTCCATCTCGTCCATGCC
FIP,,,41,,,,,AGCTCCTGGATAGCAGTCGAGT-CCTGTGCTCTATTCCCCCT
BIP,,,42,,,,,TTCAAGCGTATTGGCGAGCAGT-CTCACCAGTGTACCAATGCA
F2,333,351,19,60.05,-5.5,-6.63,0.58,CCTGTGCTCTATTCCCCCT
F1c,386,407,22,64.61,-5.93,-5.43,0.55,AGCTCCTGGATAGCAGTCGAGT
B2,461,480,20,59.49,-5.35,-4.96,0.5,CTCACCAGTGTACCAATGCA
B1c,409,430,22,64.78,-4.02,-5.63,0.5,TTCAAGCGTATTGGCGAGCAGT
,,,,,,,,
2,ID:1,,dimer(minimum)dG=-1.82,,,,,
label,5'pos,3'pos,len,Tm,5'dG,3'dG,GCrate,Sequence
F3,230,248,19,59.08,-4.74,-4.07,0.53,GTGGTAAGGTCGCCATGAA
B3,407,426,20,59.81,-6.87,-4.27,0.5,CTCGCCAATACGCTTGAAGA
FIP,,,41,,,,,GTCTGGACGTTGTTGGGGATCC-GAGGTTGAGGACCAGATGC
BIP,,,39,,,,,GCCCTGTGCTCTATTCCCCC-GCTCCTGGATAGCAGTCGA
F2,250,268,19,59.15,-4.85,-5.14,0.58,GAGGTTGAGGACCAGATGC
F1c,308,329,22,64.87,-5.35,-4.77,0.59,GTCTGGACGTTGTTGGGGATCC
B2,388,406,19,60.24,-5.93,-5.43,0.58,GCTCCTGGATAGCAGTCGA
B1c,331,350,20,64.25,-6.69,-6.65,0.65,GCCCTGTGCTCTATTCCCCC
,,,,,,,,
3,ID:4,,dimer(minimum)dG=-1.46,,,,,
label,5'pos,3'pos,len,Tm,5'dG,3'dG,GCrate,Sequence
F3,241,259,19,59.51,-5.9,-4.86,0.58,GCCATGAAGGAGGTTGAGG
B3,407,426,20,59.81,-6.87,-4.27,0.5,CTCGCCAATACGCTTGAAGA
FIP,,,40,,,,,GTCTGGACGTTGTTGGGGATCC-ATGCGCAACGTCCAGAAC
BIP,,,39,,,,,GCCCTGTGCTCTATTCCCCC-GCTCCTGGATAGCAGTCGA
F2,265,282,18,60.12,-6.97,-4.51,0.56,ATGCGCAACGTCCAGAAC
F1c,308,329,22,64.87,-5.35,-4.77,0.59,GTCTGGACGTTGTTGGGGATCC
B2,388,406,19,60.24,-5.93,-5.43,0.58,GCTCCTGGATAGCAGTCGA
B1c,331,350,20,64.25,-6.69,-6.65,0.65,GCCCTGTGCTCTATTCCCCC
,,,,,,,,
1,ID:6,,dimer(minimum)dG=-1.82,,,,,
label,5'pos,3'pos,len,Tm,5'dG,3'dG,GCrate,Sequence
F3,265,282,18,60.12,-6.97,-4.51,0.56,ATGCGCAACGTCCAGAAC
B3,461,480,20,59.49,-5.35,-4.96,0.5,CTCACCAGTGTACCAATGCA
FIP,,,40,,,,,GACATCTTGAGGCCGCGAGG-CTTTGTTGAGTGGATCCCCA
BIP,,,40,,,,,ACTCGACTGCTATCCAGGAGCT-CCTTGCGACGGAACATGG
F2,297,316,20,59.24,-4.16,-6.21,0.5,CTTTGTTGAGTGGATCCCCA
F1c,349,368,20,64.76,-4.41,-6.87,0.65,GACATCTTGAGGCCGCGAGG
B2,437,454,18,60.2,-5.85,-5.05,0.61,CCTTGCGACGGAACATGG
B1c,386,407,22,64.61,-5.43,-5.93,0.55,ACTCGACTGCTATCCAGGAGCT
,,,,,,,,
