LAMP Primers,,,,,,,,
ID:39      dimer dG: -1.77,,,,,,,,
     ,  5′ pos,  3′ pos,  len,  Tm,  5′ dG,  3′ dG,  % GC, (required oligos are orange)
F3,250,269,20,60.95,-3.29,-7.18,50,TGTTATGGCAGTTTGGTGCG
B3,423,442,20,59.55,-6.59,-4.07,55,GCGTCAGAGTAGGGTCAATG
FIP,,,40,,,,,GTGTACGGCGTCGGCAAGAA CCAGATCAATCCCGGTGATG
BIP,,,39,,,,,AGGCGATGCGTGCTGGTCTA CCGAGTACGCCTTCTTGTG
F2,270,289,20,59.75,-4.74,-4.56,55,CCAGATCAATCCCGGTGATG
F1c,310,329,20,64.79,-4.39,-4.02,60,GTGTACGGCGTCGGCAAGAA
B2,397,415,19,59.61,-6.02,-4.66,58,CCGAGTACGCCTTCTTGTG
B1c,338,357,20,65.84,-6.77,-4.43,60,AGGCGATGCGTGCTGGTCTA
,,,,,,,,
ID:6      dimer dG: -2.13,,,,,,,,
     ,  5′ pos,  3′ pos,  len,  Tm,  5′ dG,  3′ dG,  % GC, (required oligos are orange)
F3,12,30,19,60.78,-6.24,-5.31,58,GCAGGTCAATGCCTATGCG
B3,215,232,18,59.53,-5.81,-4.66,61,GGGGAATCTGGCCAATGG
FIP,,,41,,,,,CGTCACCAGCGGGGTAAAGTTC GTGAACGCTGTGGTTGTGA
BIP,,,40,,,,,AAGGCAATGCAAAGTGTTGGCC CCTGCACCTTGACCTCCT
F2,32,50,19,60.07,-4.67,-4.58,53,GTGAACGCTGTGGTTGTGA
F1c,75,96,22,65.23,-5.84,-4.01,59,CGTCACCAGCGGGGTAAAGTTC
B2,179,196,18,60.4,-6.25,-5.53,61,CCTGCACCTTGACCTCCT
B1c,115,136,22,64.77,-5.75,-6.36,50,AAGGCAATGCAAAGTGTTGGCC
,,,,,,,,
ID:46      dimer dG: -2.33,,,,,,,,
     ,  5′ pos,  3′ pos,  len,  Tm,  5′ dG,  3′ dG,  % GC, (required oligos are orange)
F3,372,391,20,60.9,-5.7,-4.46,55,CCTGGAGGCACACTATGTCA
B3,569,586,18,60.26,-7.36,-5.45,61,CGTCGCCCATTTCCTTGG
FIP,,,42,,,,,GGTACTGGTCAATGCGATGCGT AACACAAGAAGGCGTACTCG
BIP,,,42,,,,,TGGCTCGGTCTATTGCTCCTGA GACACCACCAATGAGAAGCA
F2,395,414,20,59.66,-4.72,-4.76,50,AACACAAGAAGGCGTACTCG
F1c,439,460,22,65.08,-4.57,-6.12,55,GGTACTGGTCAATGCGATGCGT
B2,548,567,20,59.78,-5.51,-5.26,50,GACACCACCAATGAGAAGCA
B1c,488,509,22,65.14,-6.1,-5.11,55,TGGCTCGGTCTATTGCTCCTGA
,,,,,,,,
ID:1      dimer dG: -2.39,,,,,,,,
     ,  5′ pos,  3′ pos,  len,  Tm,  5′ dG,  3′ dG,  % GC, (required oligos are orange)
F3,3,20,18,59.77,-6.24,-5.02,56,GCCTGTTGTGCAGGTCAA
B3,168,187,20,60.06,-5.25,-4.98,50,TGACCTCCTGGAAAGCCATA
FIP,,,40,,,,,GCGGGGTAAAGTTCTTGTCGGT TGCCTATGCGTGTGAACG
BIP,,,39,,,,,GTGACGTGCCCGTCAGAGGA CTTGCTAGCTCGAACGGAC
F2,21,38,18,59.49,-5.33,-5.35,56,TGCCTATGCGTGTGAACG
F1c,67,88,22,64.77,-7.97,-6.18,55,GCGGGGTAAAGTTCTTGTCGGT
B2,147,165,19,59.64,-5.24,-6.18,58,CTTGCTAGCTCGAACGGAC
B1c,91,110,20,65.92,-5.84,-4.94,65,GTGACGTGCCCGTCAGAGGA
,,,,,,,,
ID:12      dimer dG: -2.49,,,,,,,,
     ,  5′ pos,  3′ pos,  len,  Tm,  5′ dG,  3′ dG,  % GC, (required oligos are orange)
F3,70,89,20,59.48,-4.51,-7.36,50,GACAAGAACTTTACCCCGCT
B3,253,270,18,60.24,-7.58,-4.98,56,GCGCACCAAACTGCCATA
FIP,,,39,,,,,TGCTAGCTCGAACGGACCAGT TCAGAGGAGTGCAAGGCA
BIP,,,41,,,,,GGCTTTCCAGGAGGTCAAGGTG TGTCAACGAACGGGGAATC
F2,103,120,18,59.98,-4.6,-5.75,56,TCAGAGGAGTGCAAGGCA
F1c,143,163,21,65.31,-4.82,-5.39,57,TGCTAGCTCGAACGGACCAGT
B2,225,243,19,59.31,-4.58,-4.36,53,TGTCAACGAACGGGGAATC
B1c,171,192,22,64.94,-5.35,-5,59,GGCTTTCCAGGAGGTCAAGGTG
